COM COD,Course ID,Course title,Credit LPU,Section,Instructor/IC,Room,Days/Hours,Midsem date,Compre date
2856,AN F221,PRODUCTION TECHNIQUES,2 1 3,L1,NITIN TOM MATHEW,206,T89 W8,31.03.2026 AN,04.06.2026 AN
,,Practical,,P1,Nitin Tom Mathew,MG1,M56,,
2421,AN F312,AIRCRAFT PROPULSION,3 0 3,L1,SONU THOMAS,262,T1 Th34,06.04.2026 FN,02.06.2026 FN
2424,AN F315,AIRCRAFT STRUCTURES,3 0 3,L1,PRIYANK UPADHYAYA,206,W34 Th34,01.04.2026 AN,05.06.2026 FN
2666,AUE F241,ARCHITECTURAL DESIGN STUDIO I,3,L1,MEGHANA CHARDE,272,T56 Th56,30.03.2026 AN,01.06.2026 AN
2667,AUE F242,BUILDING CONSTRUCTION & TECHONOLOGY,3,L1,KANCHAN SEN SHARMA,272,M12 Th34,31.03.2026 AN,04.06.2026 AN
2668,AUE F243,CONSTRUCTION ECONOMICS,3 0 3,L1,NEENU THOMAS,272,M45 W56,02.04.2026 AN,06.06.2026 AN
2693,BBA F121,BUSINESS ETHIC & CORP SOC RESP,3 0 3,L1,DARSHITA GUNWANT,183,W23 F23,30.03.2026 FN,01.06.2026 FN
2858,BBA F122,FUNDAMENTALS OF BUSINESS STATISTICS,3 0 3,L1,AMAN SRIVASTAVA,183,W89 Th56,02.04.2026 FN,05.06.2026 FN
2695,BBA F221,HUMAN RESOURCE MANAGEMENT,3 0 3,L1,YUSRA QAMAR,185,W89 Th56,31.03.2026 AN,04.06.2026 AN
2696,BBA F222,BUSINESS LAW AND COMPLIANCE,3 0 3,L1,AQILA BEGUM,185,M12 T89,07.04.2026 AN,09.06.2026 AN
2735,BBA F266,STUDY PROJECT,3,,SARTAJ RASOOL RATHER,,,,
2863,BIO F101,INTRODUCTION TO BIOLOGICAL SCIENCES,2 1 3,,NEERU SOOD,,,02.04.2026 FN,08.06.2026 FN
,,,,L1,Arunkumar Palaniappan,101,W7 F12,,
,,,,L2,Debostuti Ghoshdastidar,105,T78 W5,,
,,,,L3,Debapriya Sarkar,165,M12 Th7,,
,,,,L4,TBA,184,W5 F12,,
,,,,L5,Lab Instructor,186,W5 Th12,,
,,,,L6,Aditya Sharma,189,M1 W5 F2,,
,,,,L7,Divagar Murugan,190,M12 W5,,
,,Practical,,P1,Lab Instructor,306,M12,,
,,,,P2,Lab Instructor,307,M12,,
,,,,P3,Lab Instructor,306,M78,,
,,,,P4,Lab Instructor,306,T12,,
,,,,P5,Lab Instructor,307,T12,,
,,,,P6,Neeru Sood,306,T34,,
,,,,P7,Lab Instructor,307,T34,,
,,,,P8,Lab Instructor,306,W12,,
,,,,P9,Lab Instructor,307,W12,,
,,,,P10,Lab Instructor,306,W78,,
,,,,P11,Lab Instructor,307,W78,,
,,,,P12,Lab Instructor,306,Th12,,
,,,,P13,Lab Instructor,307,Th12,,
,,,,P14,Lab Instructor,306,Th78,,
,,,,P15,Lab Instructor,307,Th78,,
,,,,P16,Lab Instructor,306,F12,,
,,,,P17,Lab Instructor,307,F12,,
,,,,P18,Lab Instructor,306,F34,,
,,,,P19,Lab Instructor,307,F34,,
1359,BIOT F241,GENETIC ENGINEERING TECH,1 3 4,L1,PALLAB SANPUI,245,Th9,30.03.2026 AN,01.06.2026 AN
,,Practical,,P1,Pallab Sanpui,306,T789 W345,,
,,,,P2,Debapriya Sarkar,306,T789 W345,,
1103,BIOT F243,GENETICS,3 0 3,L1,ADITYA SHARMA,245,M6 Th12 F4,31.03.2026 AN,04.06.2026 AN
1361,BIOT F244,INSTRU METHODS OF ANALYSIS,1 3 4,,TRUPTI GOKHALE,,,07.04.2026 AN,09.06.2026 AN
,,,,L1,Shrikant Charde,245,T5,,
,,Practical,,P1,Trupti Gokhale,305,M345 Th345,,
,,,,P2,Debostuti Ghoshdastidar,307,M345 Th345,,
,,,,P3,Shrikant Charde,308,M345 Th345,,
1360,BIOT F245,INTRODUCTION TO ENVIRON BIOTECH,3 0 3,L1,NEERU SOOD,245,M12 W78,02.04.2026 AN,06.06.2026 AN
1364,BIOT F342,IMMUNOLOGY,3 0 3,L1,MAINAK DUTTA,310,M34 Th56,30.03.2026 FN,01.06.2026 FN
1366,BIOT F344,DOWNSTREAM PROCESSING,2 1 3,,S RAMACHANDRAN,,,01.04.2026 FN,03.06.2026 FN
,,,,L1,Arunkumar Palaniappan,310,M12,,
,,Practical,,P1,S Ramachandran,306,T56,,
,,,,P2,Arunkumar Palaniappan,307,T56,,
1368,BIOT F345,PROTEOMICS,3 0 3,L1,MAINAK DUTTA,310,T4 W34,07.04.2026 FN,04.06.2026 AN
1370,BIOT F413,MOLECULAR BIOLOGY OF THE CELL,3 0 3,L1,S RAMACHANDRAN,310,Th34 F4,06.04.2026 FN,02.06.2026 FN
1377,BIOT F422,NANOBIOTECHNOLOGY,3 0 3,L1,DIVAGAR MURUGAN,110,T2 W89,07.04.2026 AN,06.06.2026 FN
1375,BIOT F424,FOOD BIOTECHNOLOGY,3 0 3,L1,TRUPTI GOKHALE,310,W56 Th8,06.04.2026 AN,09.06.2026 FN
1845,BIOT F266,STUDY PROJECT,3,,MAINAK DUTTA,,,,
1843,BIOT F366,LABORATORY PROJECT,3,,MAINAK DUTTA,,,,
1842,BIOT F367,LABORATORY PROJECT,3,,MAINAK DUTTA,,,,
1841,BIOT F376,DESIGN PROJECT,3,,MAINAK DUTTA,,,,
1840,BIOT F377,DESIGN PROJECT,3,,MAINAK DUTTA,,,,
1844,BIOT F491,SPECIAL PROJECT,3,,MAINAK DUTTA,,,,
2860,BITS F101,SOCIAL CONDUCT,1,L1,SHAZI S J,TBA,TBA,-,-
2861,BITS F102,INNOVATION AND DESIGN THINKING,1,,SHAZI S J,TBA,,-,-
,,,,L1,"Shazi S J,Murchana Changmai,Ananth Bharadwaj,Suyash Shukla,Maneesha,Chakradhar Iyyunni,Kanchan Sen Sharma,Shrikant Charde",,M9,,
,,,,L2,"Shazi S J,Murchana Changmai,Ananth Bharadwaj,Suyash Shukla,Maneesha,Chakradhar Iyyunni,Kanchan Sen Sharma,Shrikant Charde",,M9,,
,,,,L3,"Shazi S J,Murchana Changmai,Ananth Bharadwaj,Suyash Shukla,Maneesha,Chakradhar Iyyunni,Kanchan Sen Sharma,Shrikant Charde",,M9,,
,,,,L4,"Shazi S J,Murchana Changmai,Ananth Bharadwaj,Suyash Shukla,Maneesha,Chakradhar Iyyunni,Kanchan Sen Sharma,Shrikant Charde",,T9,,
,,,,L5,"Shazi S J,Murchana Changmai,Ananth Bharadwaj,Suyash Shukla,Maneesha,Chakradhar Iyyunni,Kanchan Sen Sharma,Shrikant Charde",,T9,,
,,,,L6,"Shazi S J,Murchana Changmai,Ananth Bharadwaj,Suyash Shukla,Maneesha,Chakradhar Iyyunni,Kanchan Sen Sharma,Shrikant Charde",,T9,,
,,,,L7,"Shazi S J,Murchana Changmai,Ananth Bharadwaj,Suyash Shukla,Maneesha,Chakradhar Iyyunni,Kanchan Sen Sharma,Shrikant Charde",,W9,,
,,,,L8,"Shazi S J,Murchana Changmai,Ananth Bharadwaj,Suyash Shukla,Maneesha,Chakradhar Iyyunni,Kanchan Sen Sharma,Shrikant Charde",,W9,,
,,,,L9,"Shazi S J,Murchana Changmai,Ananth Bharadwaj,Suyash Shukla,Maneesha,Chakradhar Iyyunni,Kanchan Sen Sharma,Shrikant Charde",,W9,,
,,,,L10,"Shazi S J,Murchana Changmai,Ananth Bharadwaj,Suyash Shukla,Maneesha,Chakradhar Iyyunni,Kanchan Sen Sharma,Shrikant Charde",,W9,,
,,,,L11,"Shazi S J,Murchana Changmai,Ananth Bharadwaj,Suyash Shukla,Maneesha,Chakradhar Iyyunni,Kanchan Sen Sharma,Shrikant Charde",,Th9,,
,,,,L12,"Shazi S J,Murchana Changmai,Ananth Bharadwaj,Suyash Shukla,Maneesha,Chakradhar Iyyunni,Kanchan Sen Sharma,Shrikant Charde",,Th9,,
,,,,L13,"Shazi S J,Murchana Changmai,Ananth Bharadwaj,Suyash Shukla,Maneesha,Chakradhar Iyyunni,Kanchan Sen Sharma,Shrikant Charde",,Th9,,
,,,,L14,"Shazi S J,Murchana Changmai,Ananth Bharadwaj,Suyash Shukla,Maneesha,Chakradhar Iyyunni,Kanchan Sen Sharma,Shrikant Charde",,Th9,,
2983,BITS K101,"PHYSICAL FITNESS, HEALTH WELLBEING AND CREATIVE ARTS",1,L1,"GEETHA KANNAN, Kanchan Sen Sharma",TBA,TBA,-,-
2862,BITS F103,INTRODUCTION TO ENGINEERING DESIGN AND PROTOTYPE,2 2 4,,"GULSHAN KUMAR,Akshay Venkateshwaran",,,07.04.2026 FN,09.06.2026 FN
,,Lecture-Engineering Design,,L1,Meghana Charde,123,F3,,
,,,,L2,Neenu Thomas,205,F1,,
,,,,L3,Meghana Charde,210,F1,,
,,,,L4,Neenu Thomas,214,M2,,
,,,,L5,Kanchan Sen Sharma,215,F2,,
,,,,L6,Akshay Venkateshwaran,220,M2,,
,,,,L7,Kanchan Sen Sharma,221,T1,,
,,Practical-Engineering Design,,P1,"Deepthi Mary Dilip,Ramesh,Aswathy",336,M34,,
,,,,P2,"Vivek B Kartha,Ramesh,Aswathy",336,M78,,
,,,,P3,Akshay Venkateshwaran/Ramesh/Aswathy,336,T34,,
,,,,P4,Kanchan Sen Sharma/Ramesh/Aswathy,336,T78,,
,,,,P5,Neenu Thomas/Ramesh/Aswathy,336,W12,,
,,,,P6,Meghana Charde/Ramesh/Aswathy,336,W78,,
,,,,P7,"Neenu Thomas,Ramesh,Aswathy",336,Th34,,
,,Lecture-Prototype,,L1,Chakradhar Iyyunni,123,W1,,
,,,,L2,Gulshan Kumar,205,W2,,
,,,,L3,Chakradhar Iyyunni,210,M1,,
,,,,L4,Chakradhar Iyyunni,214,Th8,,
,,,,L5,Chakradhar Iyyunni,215,F3,,
,,,,L6,Gulshan Kumar,220,T2,,
,,,,L7,Gulshan Kumar,221,M2,,
,,Practical-Prototype,,Q1,Ravindra G Bhardwaj,MG1,M12,,
,,,,Q2,Chakradhar Iyyunni,MG1,M34,,
,,,,Q3,Ravindra G Bhardwaj,MG1,M78,,
,,,,Q4,Priyank Upadhyaya,MG1,T12,,
,,,,Q5,Chakradhar Iyyunni,MG1,T34,,
,,,,Q6,Priyank Upadhyaya,MG1,T78,,
,,,,Q7,TBA,MG1,W12,,
,,,,Q8,Harpreet Singh Bedi,MG1,W34,,
,,,,Q9,Chakradhar Iyyunni,MG1,W78,,
,,,,Q10,Chakradhar Iyyunni,MG1,Th12,,
,,,,Q11,Chakradhar Iyyunni,MG1,Th34,,
,,,,Q12,Gulshan Kumar,MG1,Th78,,
,,,,Q13,Chakradhar Iyyunni,MG1,F12,,
,,,,Q14,Sonu Thomas,MG1,F34,,
1003,BITS F110,ENGINEERING GRAPHICS,1 1 2,,AKSHAY VENKATESHWARAN,,,07.04.2026 FN,09.06.2026 FN
,,,,L1,Meghana Charde,123,F3,,
,,,,L2,Neenu Thomas,205,F1,,
,,,,L3,Meghana Charde,210,F1,,
,,,,L4,Neenu Thomas,214,M2,,
,,,,L5,Kanchan Sen Sharma,215,F2,,
,,,,L6,Akshay Venkateshwaran,220,M2,,
,,,,L7,Kanchan Sen Sharma,221,T1,,
,,Practical,,P1,"Deepthi Mary Dilip,Ramesh,Aswathy",336,M34,,
,,,,P2,"Vivek B Kartha,Ramesh,Aswathy",336,M78,,
,,,,P3,Akshay Venkateshwaran/Ramesh/Aswathy,336,T34,,
,,,,P4,Kanchan Sen Sharma/Ramesh/Aswathy,336,T78,,
,,,,P5,Neenu Thomas/Ramesh/Aswathy,336,W12,,
,,,,P6,Meghana Charde/Ramesh/Aswathy,336,W78,,
,,,,P7,"Neenu Thomas,Ramesh,Aswathy",336,Th34,,
1004,BITS F111,THERMODYNAMICS,3 0 3,L1,SHASHANK KHURANA,101,T12 Th12,01.04.2026 FN,04.06.2026 FN
,,,,L2,Nitin Tom Mathew,105,W12 F12,,
,,,,L3,Sonu Thomas,165,T78 W34,,
,,,,L4,Majid H Khan,184,T78 W12,,
,,,,L5,Snehanshu Choudhury,186,W12 Th34,,
,,,,L6,Harpreet Singh Bedi,189,T78 W78,,
,,,,L7,Vincent Shantha Kumar,190,T12 F34,,
2731,BITS F121,INTRODUCTION TO PYTHON,3 0 3,L1,DEEPESH SRIVASTAVA,183,M56 T89,31.03.2026 FN,02.06.2026 FN
2732,BITS F122,INTRODUCTION TO SPREADSHEET ANALYSIS,2 0 2,L1,DEEPESH SRIVASTAVA,183,W56 Th89,07.04.2026 FN,09.06.2026 FN
2733,BITS F123,INTRODUCTION TO ENGINEERING,3 0 3,L1,SYED MAQBOOL AHMED,183,M23 Th23,01.04.2026 FN,04.06.2026 FN
1892,BITS F214,"SCIENCE, TECHNOLOGY & MODERNITY",3 0 3,L1,EIRINI ANASTASIADOU,277,M89 T4,02.04.2026 FN,02.06.2026 AN
1632,BITS F225,ENVIRONMENTAL STUDIES,3 0 3,,HIRANMAY MAITY,,,06.04.2026 AN,08.06.2026 AN
,,,,L1,Vijaya Ilango,257,W34 Th1,,
,,,,L2,Sabyasachi Roy,267,T12 Th5,,
,,,,L3,Syed Maqbool Ahmed,268,W56 Th5,,
,,,,L4,Subrata Chakraborty,269,M5 W12,,
,,,,L5,Rusal Raj,270,M12 W8,,
,,,,L6,Hiranmay Maity,271,T89 Th1,,
,,,,L7,Rusal Raj,183,M4 T23,,
2303,BITS F226,SOFT SKILLS FOR PROFESSIONALS,3 0 3,L1,JISS MATHEW VARGHESE,271,M89 T4,02.04.2026 FN,02.06.2026 AN
1332,BITS F311,IMAGE PROCESSING,3 0 3,L1,TOJO MATHEW,222,T56 Th3,06.04.2026 FN,02.06.2026 FN
2336,BITS F327,ARTIFICIAL INTELLIGENCE FOR ROBOTICS,2 1 3,L1,RAM KARTHIKEYAN,262,W56,06.04.2026 AN,09.06.2026 FN
,,Practical,,P1,Ram Karthikeyan,MS2,Th12,,
1335,BITS F343,FUZZY LOGIC AND APPLICATIONS,3 0 3,L1,V KALAICHELVI,223,T2 W89,07.04.2026 AN,06.06.2026 FN
1248,BITS F415,INTRODUCTION TO MEMS,3 1 4,L1,ADARSH VENKATARAMAN,262,T2 W89,07.04.2026 AN,06.06.2026 FN
,,Practical,,P1,Adarsh Venkataraman,108,M89,,
2434,BITS F463,CRYPTOGRAPHY,3 0 3,L1,M RAJA,223,T56 Th3,06.04.2026 FN,02.06.2026 FN
1339,BITS F464,MACHINE LEARNING,3 0 3,L1,KAJAL KANSAL,229,T56 Th3,06.04.2026 FN,02.06.2026 FN
2779,BITS F471,INTRODUCTION TO LARGE LANGUAGE MODELS,3 0 3,L1,SUJALA D SHETTY,226,T56 Th3,06.04.2026 FN,02.06.2026 FN
596,BITS C791T,TEACHING PRACTICE I,1,1,S RAMACHANDRAN,,,,
520,BITS C797T,PH D SEMINAR,2,1,S RAMACHANDRAN,,,,
553,BITS C799T,PH D THESIS,40,1,S RAMACHANDRAN,,,,
2101,BITS E661,RESEARCH METHODOLOGY I,5,1,S RAMACHANDRAN,,,,
1592,BITS F412,PRACTICE SCHOOL II,20,1,GOMATHI BHAVANI,,,,
1593,BITS F421T,THESIS,16,1,A SOMASUNDARAM,,,,
1617,BITS F423T,THESIS,9,1,A SOMASUNDARAM,,,,
2833,BITS F425T,THESIS,20,1,A SOMASUNDARAM,,,,
1629,BITS F441T,SEMINAR,1,1,S RAMACHANDRAN,,,,
1191,CE F241,ANALYSIS OF STRUCTURES,3 0 3,L1,AKSHAY VENKATESHWARAN,219A,M6 T6 W12,30.03.2026 AN,01.06.2026 AN
1192,CE F242,CONSTRUCTION PLAN & TECH,3 0 3,L1,MEGHANA CHARDE,219A,M5 W5 Th12,31.03.2026 AN,04.06.2026 AN
1193,CE F243,SOIL MECHANICS,3 1 4,L1,VIVEK B KARTHA,219A,M34 Th34,07.04.2026 AN,09.06.2026 AN
,,Practical,,P1,Vivek B Kartha,MF5,W34,,
1194,CE F244,HIGHWAY ENGINEERING,3 1 4,L1,DEEPTHI MARY DILIP,219A,Th56 F34,02.04.2026 AN,06.06.2026 AN
,,Practical,,P1,Deepthi Mary Dilip,MF5,T12,,
2282,CE F321,ENGINEERING HYDROLOGY,3 0 3,L1,BRIJ KISHORE PANDEY,219B,M34 Th12,30.03.2026 AN,01.06.2026 AN
1199,CE F342,WATER & WASTEWATER TREAT,3 1 4,L1,KANCHAN SEN SHARMA,219B,T34 W23,01.04.2026 AN,03.06.2026 AN
,,Practical,,P1,Brij Kishore Pandey,208,F12,,
1200,CE F343,DESIGN OF STEEL STRUCTURES,3 0 3,L1,AKSHAY VENKATESHWARAN,219B,Th34 F34,02.04.2026 AN,08.06.2026 AN
1214,CE F411,OPERATION RESEARCH FOR ENGINEER,3 0 3,L1,NEENU THOMAS,219B,M8 T56,06.04.2026 FN,02.06.2026 FN
1229,CE F412,DISASTER MANAGEMENT,3 0 3,L1,BRIJ KISHORE PANDEY,219B,W4 Th56,07.04.2026 FN,04.06.2026 AN
1652,CE F266,STUDY PROJECT,3,,BRIJ KISHORE PANDEY,,,,
1686,CE F376,DESIGN PROJECT,3,,BRIJ KISHORE PANDEY,,,,
1180,CHE F241,HEAT TRANSFER,3 0 3,L1,NISHANT PANDYA,228,M34 W56,30.03.2026 AN,01.06.2026 AN
1181,CHE F242,NUM METHOD FOR CHEM ENGG,3 0 3,L1,SOUVIK PAUL,228,M56 W34,31.03.2026 AN,04.06.2026 AN
1182,CHE F243,MATERIAL SCIENCE & ENGG,3 0 3,L1,MURCHANA CHANGMAI,228,W12 F34,07.04.2026 AN,09.06.2026 AN
1183,CHE F244,SEPARATION PROCESSES I,3 0 3,L1,B G PRAKASH KUMAR,228,M12 F12,02.04.2026 AN,06.06.2026 AN
1188,CHE F341,CHEMICAL ENGG LAB II,0 3 3,,SOUVIK PAUL,,,,
,,,,P1,"SOUVIK PAUL,Nishant Pandya,Murchana Changmai,B G Prakash Kumar",329,T345,,
,,,,P1,"SOUVIK PAUL,Nishant Pandya,Murchana Changmai,B G Prakash Kumar",331,Th345,,
1189,CHE F342,PROCESS DYN & CONTROL,3 0 3,L1,R SWARNALATHA,256,M34 W4 F4,01.04.2026 AN,03.06.2026 AN
1190,CHE F343,PROCESS DES PRINCIPLE II,3 0 3,L1,NISHANT PANDYA,256/336,M89 W3 Th9,02.04.2026 AN,08.06.2026 AN
1203,CHE F419,CHEMICAL PROCESS TECHNOLOGY,3 0 3,L1,VIJAYA ILANGO,256,M12 T6,07.04.2026 FN,04.06.2026 AN
2178,CHE F422,PETROLEOUM REFINING TECHNOLOGY,3 0 3,L1,SOUVIK PAUL,256,Th1 F23,06.04.2026 FN,02.06.2026 FN
1738,CHE F367,LABORATORY PROJECT,3,L1,MURCHANA CHANGMAI,,,,
2864,CHEM F101,FUNDAMENTALS OF CHEMISTRY,2 1 3,,SABYASACHI ROY,,,31.03.2026 FN,02.06.2026 FN
,,,,L1,Rusal Raj,101,T5 W34,,
,,,,L2,Hiranmay Maity,105,M34 T5,,
,,,,L3,Vijaya Ilango,165,T12 Th8,,
,,,,L4,Geetha Kannan,184,M4 F34,,
,,,,L5,Vijaya Ilango,186,W7 F34,,
,,,,L6,Subrata Chakraborty,189,M2 Th34,,
,,,,L7,Sabyasachi Roy,190,T5 Th12,,
,,Practical,,P1,Sabyasachi Roy,208,M34,,
,,,,P2,Hiranmay Maity,208,M78,,
,,,,P3,Subrata Chakraborty,208,T34,,
,,,,P4,Subrata Chakraborty,208,T78,,
,,,,P5,Hiranmay Maity,208,W34,,
,,,,P6,Sabyasachi Roy,208,W78,,
,,,,P7,Hiranmay Maity,208,Th34,,
,,,,P8,Subrata Chakraborty,208,Th78,,
,,,,P9,Sabyasachi Roy,208,F34,,
1006,CHEM F110,CHEMISTRY LABORATORY,,,SABYASACHI ROY,,,,
,,,,P1,Sabyasachi Roy,208,M34,,
,,,,P2,Hiranmay Maity,208,M78,,
,,,,P3,Subrata Chakraborty,208,T34,,
,,,,P4,Subrata Chakraborty,208,T78,,
,,,,P5,Hiranmay Maity,208,W34,,
,,,,P6,Sabyasachi Roy,208,W78,,
,,,,P7,Hiranmay Maity,208,Th34,,
,,,,P8,Subrata Chakraborty,208,Th78,,
,,,,P9,Sabyasachi Roy,208,F34,,
1007,CHEM F111,GENERAL CHEMISTRY,3 0 3,,SABYASACHI ROY,,,31.03.2026 FN,02.06.2026 FN
,,,,L1,Rusal Raj,101,T5 W34,,
,,,,L2,Hiranmay Maity,105,M34 T5,,
,,,,L3,Vijaya Ilango,165,T12 Th8,,
,,,,L4,Geetha Kannan,184,M4 F34,,
,,,,L5,Vijaya Ilango,186,W7 F34,,
,,,,L6,Subrata Chakraborty,189,M2 Th34,,
,,,,L7,Sabyasachi Roy,190,T5 Th12,,
1654,CHEM F266,STUDY PROJECT,3,L1,K K SINGH,,,,
1669,CHEM F366,LABORATORY PROJECT,3,L1,K K SINGH,,,,
1008,CS F111,COMPUTER PROGRAMMING,3 1 4,,AMANJOT KAUR,,,06.04.2026 FN,06.06.2026 FN
,,,,L1,Tojo Mathew,101,M34 Th78,,
,,,,L2,Mounika,105,T34 Th78,,
,,,,L3,Amanjot Kaur,165,M34 W78,,
,,,,L4,Neena Susan Shaji,184,M12 W78,,
,,,,L5,Shalaka S Mahadik,186,T78 Th78,,
,,,,L6,Shalaka S Mahadik,189,M78 W12,,
,,,,L7,Satya Jaswant Badri,190,M78 W34,,
,,Practical,,P1,Mounika,333,M12,,
,,,,P2,Shalaka S Mahadik,333,M34,,
,,,,P3,M Raja,333,T12,,
,,,,P4,Tojo Mathew,333,W12,,
,,,,P5,Shalaka S Mahadik,336,Th12,,
,,,,P6,Amanjot Kaur,333,F12,,
,,,,P7,Satya Jaswant Badri,336,F12,,
1094,CS F211,DATA STRUCTURES & ALGO,3 1 4,,SUYASH SHUKLA,,,01.04.2026 AN,05.06.2026 FN
,,,,L1,Neena Susan Shaji,257,T12 F12,,
,,,,L2,Suyash Shukla,267,M12 W89,,
,,,,L3,Neena Susan Shaji,268,M56 W12,,
,,,,L4,Satya Jaswant Badri,269,M34 T12,,
,,,,L5,Ashish Gupta,270,T56 F12,,
,,,,L6,Vivek Bhasi,271,M12 F12,,
,,,,L7,Shalaka S Mahadik,276,T1 W5 Th34,,
,,Practical,,P1,Suyash Shukla,333,M56,,
,,,,P2,Neena Susan Shaji,333,T56,,
,,,,P3,Satya Jaswant Badri,333,T89,,
,,,,P4,Vivek Bhasi,333,W56,,
,,,,P5,Neena Susan Shaji,333,Th34,,
,,,,P6,Suyash Shukla,333,Th89,,
,,,,P7,Shalaka S Mahadik,333,F34,,
1095,CS F212,DATABASE SYSTEMS,3 1 4,L1,SHIVANG ARARWAL,257,T89 W89,07.04.2026 AN,09.06.2026 AN
,,,,L2,B Vijayakumar,267,W12 Th89,,
,,,,L3,Tamizharasan Periyasamy,268,T56 F12,,
,,,,L4,Sujala D Shetty,269,M12 W56,,
,,,,L5,Amanjot Kaur,270,T89 W12,,
,,,,L6,Tamizharasan Periyasamy,271,M6 W89 F4,,
,,Practical,,P1,TBA,335,M56,,
,,,,P2,TBA,335,T56,,
,,,,P3,TBA,335,T89,,
,,,,P4,TBA,335,W56,,
,,,,P5,TBA,335,Th34,,
,,,,P6,TBA,335,Th89,,
1092,CS F213,OBECT ORIENTED PROG,3 1 4,L1,KAJAL KANSAL,255,M89 T12,07.04.2026 AN,06.06.2026 FN
,,Practical,,P1,Sujala D Shetty,332,W89,,
1313,CS F241,MICROPROC & INTERFACING,3 1 4,L1,ADARSH VENKATARAMAN,257,W12 Th56,30.03.2026 AN,01.06.2026 AN
,,,,L2,Shazia Hasan,267,W56 F12,,
,,,,L3,TBA,268,M12 W34,,
,,,,L4,Jagadish Nayak,269,Th56 F12,,
,,,,L5,TBA,270,T12 Th56,,
,,,,L6,Shazia Hasan,271,T12 Th56,,
,,,,L7,TBA,276,M56 Th56,,
,,Practical,,P1,TBA,303,M34,,
,,,,P2,TBA,303,M56,,
,,,,P3,TBA,304,M56,,
,,,,P4,Gomathi Bhavani,303,T23,,
,,,,P5,TBA,304,T23,,
,,,,P6,Shazia Hasan,303,T56,,
,,,,P7,TBA,304,T56,,
,,,,P8,Jagadish Nayak,303,T89,,
,,,,P9,TBA,304,T89,,
,,,,P10,TBA,304,W34,,
,,,,P11,R Swarnalatha,303,W89,,
,,,,P12,TBA,304,W89,,
,,,,P13,TBA,304,Th34,,
,,,,P14,TBA,303,Th89,,
,,,,P15,Ananth Bharadwaj,304,Th89,,
,,,,P16,TBA,304,F34,,
1320,CS F303,COMPUTER NETWORKS,3 1 4,,M RAJA,,,30.03.2026 AN,01.06.2026 AN
,,,,L1,Rajendra Patil,222,T34 W34,,
,,,,L2,Mithun Mukherjee,223,T34 W34,,
,,,,L3,Pranav M Pawar,226,M9 W12 Th1,,
,,,,L4,M Raja,229,W12 Th56,,
,,Practical,,P1,TBA,333,M89,,
,,,,P2,TBA,333,T34,,
,,,,P3,TBA,333,W34,,
,,,,P4,TBA,333,Th12,,
2266,CS F320,FOUNDATION OF DATA SCIENCE,3 0 3,L1,ASHISH GUPTA,270,W56 Th8,06.04.2026 AN,09.06.2026 FN
1318,CS F363,COMPILER CONSTRUCTION,2 1 3,L1,KAJAL KANSAL,222,W12 F2,01.04.2026 AN,03.06.2026 AN
,,,,L2,Angel Arul Jothi,223,M12 W2,,
,,,,L3,Hussain Chowdhury,226,T34 Th2,,
,,,,L4,Hussain Chowdhury,229,M8 F12,,
,,Practical,,P1,Elakkiya Rajasekar,332,M12,,
,,,,P2,Angel Arul Jothi,332,M89,,
,,,,P3,Elakkiya Rajasekar,332,W34,,
,,,,P4,Angel Arul Jothi,332,Th56,,
1319,CS F364,DESIGN & ANAL OF ALGO,3 0 3,L1,HUSSAIN CHOWDHURY,222,M12 Th56,02.04.2026 AN,08.06.2026 AN
,,,,L2,TBA,223,Th12 F12,,
,,,,L3,Rajendra Patil,226,M8 Th56 F2,,
,,,,L4,Rajendra Patil,229,M12 Th12,,
1322,CS F415,DATA MINING,3 0 3,L1,ANGEL ARUL JOTHI,229,T2 W89,07.04.2026 AN,06.06.2026 FN
2440,CS F425,DEEP LEARNING,3 0 3,L1,TAMIZHARASAN PERIYASAMY,223,M34 Th4,07.04.2026 FN,04.06.2026 AN
2444,CS F429,NATURAL LANGUAGE PROCESSING,3 0 3,L1,ELAKKIYA RAJASEKAR,207,T2 W89,07.04.2026 AN,06.06.2026 FN
2627,CS F435,CYBER SECURITY ANALYTICS AND FORENSICS,3 1 4,L1,PRANAV M PAWAR,229,M34 Th4,07.04.2026 FN,04.06.2026 AN
,,Practical,,P1,Pranav M Pawar,332,F34,,
2629,CS F437,GENERATIVE AI,3 0 3,L1,SHIVANG AGARWAL,222,M34 Th4,07.04.2026 FN,04.06.2026 AN
1655,CS F266,STUDY PROJECT,3,L1,SUJALA D SHETTY,,,,
1670,CS F366,LABORATORY PROJECT,3,L1,SUJALA D SHETTY,,,,
1740,CS F367,LABORATORY PROJECT,3,L1,SUJALA D SHETTY,,,,
1689,CS F376,DESIGN PROJECT,3,L1,SUJALA D SHETTY,,,,
1756,CS F377,DESIGN PROJECT,3,L1,SUJALA D SHETTY,,,,
1714,CS F491,SPECIAL PROJECT,3,L1,SUJALA D SHETTY,,,,
2516,ECE F216,ELECTRONIC DEVICE SIMULATION LAB,0 2 2,L1,ASHUTOSH MISHRA,255,Th8,06.04.2026 AN,09.06.2026 FN
,,Practical,,P1,Ashutosh Mishra,330,W56,,
1384,ECE F241,MICROPROC & INTERFACING,3 1 4,L1,ADARSH VENKATARAMAN,257,W12 Th56,30.03.2026 AN,01.06.2026 AN
,,,,L2,Shazia Hasan,267,W56 F12,,
,,,,L3,TBA,268,M12 W34,,
,,,,L4,Jagadish Nayak,269,Th56 F12,,
,,,,L5,TBA,270,T12 Th56,,
,,,,L6,Shazia Hasan,271,T12 Th56,,
,,,,L7,TBA,276,M56 Th56,,
,,Practical,,P1,TBA,303,M34,,
,,,,P2,TBA,303,M56,,
,,,,P3,TBA,304,M56,,
,,,,P4,Gomathi Bhavani,303,T23,,
,,,,P5,TBA,304,T23,,
,,,,P6,Shazia Hasan,303,T56,,
,,,,P7,TBA,304,T56,,
,,,,P8,Jagadish Nayak,303,T89,,
,,,,P9,TBA,304,T89,,
,,,,P10,TBA,304,W34,,
,,,,P11,R Swarnalatha,303,W89,,
,,,,P12,TBA,304,W89,,
,,,,P13,TBA,304,Th34,,
,,,,P14,TBA,303,Th89,,
,,,,P15,Ananth Bharadwaj,304,Th89,,
,,,,P16,TBA,304,F34,,
1385,ECE F242,CONTROL SYSTEMS,3 0 3,L1,VILAS H GAIDHANE,276,M34 W67,31.03.2026 AN,04.06.2026 AN
1386,ECE F243,SIGNALS & SYSTEMS,3 0 3,L1,ANANTH BHARADWAJ,276,M12 F12,07.04.2026 AN,09.06.2026 AN
1387,ECE F244,MICROELECTRONIC CIRCUITS,3 0 3,L1,NILESH GOEL,276,T56 W34,02.04.2026 AN,06.06.2026 AN
1391,ECE F341,ANALOG ELECTRONICS,3 1 4,L1,VILAS H GAIDHANE,254,T17 Th17,30.03.2026 FN,01.06.2026 FN
,,Practical,,P1,Vilas H Gaidhane,303,W234,,
1595,ECE F343,COMMUNICATION NETWORKS,3 0 3,L1,ABDUL RAJAK,255,T34 F34,01.04.2026 AN,03.06.2026 AN
1390,ECE F344,INFO THEORY & CODING,3 0 3,L1,ABDUL RAJAK,255,M34 Th34,02.04.2026 AN,08.06.2026 AN
1701,ECE F266,STUDY PROJECT,3,,ABDUL RAJAK,,,,
1702,ECE F366,LABORATORY PROJECT,3,,ABDUL RAJAK,,,,
1703,ECE F376,DESIGN PROJECT,3,,ABDUL RAJAK,,,,
1706,ECE F377,DESIGN PROJECT,3,,ABDUL RAJAK,,,,
2569,ECOM F211,DATA STRUCTURES & ALGO,3 1 4,,SUYASH SHUKLA,,,01.04.2026 AN,05.06.2026 FN
,,,,L1,Neena Susan Shaji,257,T12 F12,,
,,,,L2,Suyash Shukla,267,M12 W89,,
,,,,L3,Neena Susan Shaji,268,M56 W12,,
,,,,L4,Satya Jaswant Badri,269,M34 T12,,
,,,,L5,Ashish Gupta,270,T56 F12,,
,,,,L6,Vivek Bhasi,271,M12 F12,,
,,,,L7,Shalaka S Mahadik,276,T1 W5 Th34,,
,,Practical,,P1,Suyash Shukla,333,M56,,
,,,,P2,Neena Susan Shaji,333,T56,,
,,,,P3,Satya Jaswant Badri,333,T89,,
,,,,P4,Vivek Bhasi,333,W56,,
,,,,P5,Neena Susan Shaji,333,Th34,,
,,,,P6,Suyash Shukla,333,Th89,,
,,,,P7,Shalaka S Mahadik,333,F34,,
2574,ECOM F241,MICROPROC & INTERFACING,3 1 4,L1,ADARSH VENKATARAMAN,257,W12 Th56,30.03.2026 AN,01.06.2026 AN
,,,,L2,Shazia Hasan,267,W56 F12,,
,,,,L3,TBA,268,M12 W34,,
,,,,L4,Jagadish Nayak,269,Th56 F12,,
,,,,L5,TBA,270,T12 Th56,,
,,,,L6,Shazia Hasan,271,T12 Th56,,
,,,,L7,TBA,276,M56 Th56,,
,,Practical,,P1,TBA,303,M34,,
,,,,P2,TBA,303,M56,,
,,,,P3,TBA,304,M56,,
,,,,P4,Gomathi Bhavani,303,T23,,
,,,,P5,TBA,304,T23,,
,,,,P6,Shazia Hasan,303,T56,,
,,,,P7,TBA,304,T56,,
,,,,P8,Jagadish Nayak,303,T89,,
,,,,P9,TBA,304,T89,,
,,,,P10,TBA,304,W34,,
,,,,P11,R Swarnalatha,303,W89,,
,,,,P12,TBA,304,W89,,
,,,,P13,TBA,304,Th34,,
,,,,P14,TBA,303,Th89,,
,,,,P15,Ananth Bharadwaj,304,Th89,,
,,,,P16,TBA,304,F34,,
2575,ECOM F242,CONTROL SYSTEMS,3 0 3,L1,VILAS H GAIDHANE,276,M34 W67,31.03.2026 AN,04.06.2026 AN
2576,ECOM F243,SIGNALS & SYSTEMS,3 0 3,L1,ANANTH BHARADWAJ,276,M12 F12,07.04.2026 AN,09.06.2026 AN
2577,ECOM F244,MICROELECTRONIC CIRCUITS,3 0 3,L1,NILESH GOEL,276,T56 W34,02.04.2026 AN,06.06.2026 AN
2579,ECOM F321,REAL TIME OPERATING SYSTEMS,3 1 4,L1,VIVEK BHASI,110,T34 W23,30.03.2026 AN,01.06.2026 AN
,,Practical,,P1,Vivek Bhasi,333,Th56,,
2582,ECOM F462,NETWORK PROGRAMMING,3 0 3,L1,MITHUN MUKHERJEE,110,M89 F12,01.04.2026 AN,03.06.2026 AN
2583,ECOM F266,STUDY PROJECT,3,L1,ABDUL RAJAK,,,,
2586,ECOM F376,DESIGN PROJECT,3,L1,ABDUL RAJAK,,,,
2587,ECOM F377,DESIGN PROJECT,3,L1,ABDUL RAJAK,,,,
1023,ECON F211,PRINCIPLES OF ECONOMICS,3 0 3,L1,ANAND BABU,245,T12 Th6,30.03.2026 FN,03.06.2026 AN
,,,,L2,Anand Babu,207,T8 Th89,,
1120,ECON F212,FUNDAMENTALS OF FINANCE AND ACCOUNTING,3 0 3,L1,ASGAR ALI,222,M56 T8,31.03.2026 FN,06.06.2026 AN
1442,ECON F241,ECONOMETRIC METHODS,3 0 3,L1,ANAND BABU,185,M34 W34,01.04.2026 AN,05.06.2026 FN
1443,ECON F242,MICROECONOMICS,3 0 3,L1,SARTAJ RASOOL RATHER,183,M89 T56,06.04.2026 FN,06.06.2026 FN
1447,ECON F312,MONEY BANK & FIN MARKETS,3 0 3,L1,AQILA BEGUM,222,W56 Th8,06.04.2026 AN,09.06.2026 FN
1009,EEE F111,ELECTRICAL SCIENCES,3 0 3,,NILESH GOEL,,,30.03.2026 FN,01.06.2026 FN
,,,,L1,V Kalaichelvi,123,W34 Th12,,
,,,,L2,Ashutosh Mishra,205,M34 Th34,,
,,,,L3,Nilesh Goel,210,W78 Th12,,
,,,,L4,TBA,214,T34 W12,,
,,,,L5,Trisha Ghosh,215,T12 Th78,,
,,,,L6,TBA,220,Th12 F34,,
,,,,L7,Trisha Ghosh,221,W78 F34,,
2494,EEE F216,ELECTRONIC DEVICE SIMULATION LAB,0 2 2,L1,ASHUTOSH MISHRA,255,Th8,06.04.2026 AN,09.06.2026 FN
,,Practical,,P1,Ashutosh Mishra,330,W56,,
1238,EEE F241,MICROPROC & INTERFACING,3 1 4,L1,ADARSH VENKATARAMAN,257,W12 Th56,30.03.2026 AN,01.06.2026 AN
,,,,L2,Shazia Hasan,267,W56 F12,,
,,,,L3,TBA,268,M12 W34,,
,,,,L4,Jagadish Nayak,269,Th56 F12,,
,,,,L5,TBA,270,T12 Th56,,
,,,,L6,Shazia Hasan,271,T12 Th56,,
,,,,L7,TBA,276,M56 Th56,,
,,Practical,,P1,TBA,303,M34,,
,,,,P2,TBA,303,M56,,
,,,,P3,TBA,304,M56,,
,,,,P4,Gomathi Bhavani,303,T23,,
,,,,P5,TBA,304,T23,,
,,,,P6,Shazia Hasan,303,T56,,
,,,,P7,TBA,304,T56,,
,,,,P8,Jagadish Nayak,303,T89,,
,,,,P9,TBA,304,T89,,
,,,,P10,TBA,304,W34,,
,,,,P11,R Swarnalatha,303,W89,,
,,,,P12,TBA,304,W89,,
,,,,P13,TBA,304,Th34,,
,,,,P14,TBA,303,Th89,,
,,,,P15,Ananth Bharadwaj,304,Th89,,
,,,,P16,TBA,304,F34,,
1239,EEE F242,CONTROL SYSTEMS,3 0 3,L1,VILAS H GAIDHANE,276,M34 W67,31.03.2026 AN,04.06.2026 AN
1240,EEE F243,SIGNALS & SYSTEMS,3 0 3,L1,ANANTH BHARADWAJ,276,M12 F12,07.04.2026 AN,09.06.2026 AN
1241,EEE F244,MICROELECTRONIC CIRCUITS,3 0 3,L1,NILESH GOEL,276,T56 W34,02.04.2026 AN,06.06.2026 AN
1245,EEE F341,ANALOG ELECTRONICS,3 1 4,L1,VILAS H GAIDHANE,254,T17 Th17,30.03.2026 FN,01.06.2026 FN
,,Practical,,P1,Vilas H Gaidhane,304,W234,,
1246,EEE F342,POWER ELECTRONICS,3 1 4,L1,SUNIL THOMAS,254,M4 T3 F34,01.04.2026 FN,03.06.2026 FN
,,Practical,,P1,Sunil Thomas,302,Th234,,
1886,EEE F417,COMPUTER BASED CONTROL SYSTEM,3 0 3,L1,GOMATHI BHAVANI,254,Th5 F12,06.04.2026 FN,02.06.2026 FN
1262,EEE F427,ELECTRIC POWER UTILIZATION AND ILLUMINATION,3 0 3,L1,SUNIL THOMAS,254,M12 T5,07.04.2026 FN,04.06.2026 AN
2511,EEE G513,MACHINE LEARNING FOR ELECTRONICS ENGINEERS,4,L1,JAGADISH NAYAK,228,T2 W89,07.04.2026 AN,06.06.2026 FN
1657,EEE F266,STUDY PROJECT,3,L1,ABDUL RAJAK,,,,
1758,EEE F377,DESIGN PROJECT,3,L1,ABDUL RAJAK,,,,
1539,FIN F311,DERIVATIVES & RISK MGMT,3 0 3,L1,AQILA BEGUM,222,T2 W89,07.04.2026 AN,06.06.2026 FN
1542,FIN F315,FINANCIAL MANAGEMENT,3 0 3,L1,AMAN SRIVASTAVA,223,M56 T8,31.03.2026 FN,06.06.2026 AN
1658,FIN F266,STUDY PROJECT,3,L1,SARTAJ RASOOL RATHER,,,,
1130,GS F211,MODERN POLITICAL CONCEPTS,3 0 3,L1,SHAMSHAD KHAN,223,W56 Th8,06.04.2026 AN,09.06.2026 FN
1131,GS F212,ENVIRON DEV & CLIMATE CHANGE,3 0 3,L1,GEETHA KANNAN,267,M89 T4,02.04.2026 FN,02.06.2026 AN
1132,GS F213,DEVELOPMENT THEORIES,3 0 3,L1,KOYEL SARKAR,245,M5 T89,31.03.2026 FN,06.06.2026 AN
1133,GS F221,BUSINESS COMMUNICATION,3 0 3,L1,SHAZI S J,271,W56 Th8,06.04.2026 AN,09.06.2026 FN
1169,GS F231,DYNAMICS OF SOCIAL CHANGE,3 0 3,L1,KOYEL SARKAR,270,M89 T4,02.04.2026 FN,02.06.2026 AN
1171,GS F233,PUBLIC POLICY,3 0 3,L1,NEHA DURGA,267,M56 T8,31.03.2026 FN,06.06.2026 AN
1172,GS F234,DEVELOPMENT ECONOMICS,3 0 3,L1,NEHA DURGA,276,M89 T4,02.04.2026 FN,02.06.2026 AN
1165,GS F245,EFFECTIVE PUBLIC SPEAKING,2 1 3,L1,SHAZI S J,262,M56 T8,31.03.2026 FN,06.06.2026 AN
1175,GS F331,TECHNIQUES IN SOCIAL RESEARCH,3 0 3,L1,KOYEL SARKAR,206,W56 Th8,06.04.2026 AN,09.06.2026 FN
1176,GS F332,CONTEMPORARY INDIA,3 0 3,L1,MRUTUYANJAYA SAHU,226,M56 T8,31.03.2026 FN,06.06.2026 AN
2993,HSS F101,UNDERSTANDING SELF & SOCIETY,2,L1,MRUTUYANJAYA SAHU,TBA,F89,-,03.06.2026 FN
,,,,L2,Shamshad Khan,TBA,F89,,
,,,,L3,Shazi S J,TBA,F89,,
,,,,L4,Sayantan Chakraborty,TBA,F89,,
,,,,L5,Koyel Sarkar,TBA,F89,,
1603,HSS F222,LINGUISTICS,3 0 3,L1,SAYANTAN CHAKRABORTY,245,M89 T4,02.04.2026 FN,02.06.2026 AN
1152,HSS F227,CROSS CULTURAL SKILLS,3 0 3,L1,JISS MATHEW VARGHESE,245,W56 Th8,06.04.2026 AN,09.06.2026 FN
1775,HSS F232,INTRO TO DEV STUDIES,3 0 3,L1,MRUTUYANJAYA SAHU,269,M89 T4,02.04.2026 FN,02.06.2026 AN
2524,HSS F252,INTERNATIONAL LAW,3 0 3,L1,SHAMSHAD KHAN,229,M56 T8,31.03.2026 FN,06.06.2026 AN
1645,HSS F317,INTRODUCTION TO GLOBALIZATION,3 0 3,L1,EIRINI ANASTASIADOU,110,M56 T8,31.03.2026 FN,06.06.2026 AN
1777,HSS F323,ORGANIZATIONAL PSYCHOLOGY,3 0 3,L1,JISS MATHEW VARGHESE,276,T2 W89,07.04.2026 AN,06.06.2026 FN
1604,HSS F335,LITERARY CRITICISM,3 0 3,L1,SAYANTAN CHAKRABORTY,229,W56 Th8,06.04.2026 AN,09.06.2026 FN
1626,HSS F346,INTERNATIONAL RELATIONS,3 0 3,L1,SHAMSHAD KHAN,257,M89 T4,02.04.2026 FN,02.06.2026 AN
1828,HSS F349,ECOCRITICISM,3 0 3,L1,SAYANTAN CHAKRABORTY,226,T2 W89,07.04.2026 AN,06.06.2026 FN
1835,HSS F350,"HUMAN RIGHTS: HISTORY, THEORY AND PRACTICE",3 0 3,L1,MRUTUYANJAYA SAHU,226,W56 Th8,06.04.2026 AN,09.06.2026 FN
2272,HSS F365,SCIENCE OF SUSTAINABLE HAPPINESS,3 0 3,L1,SHAZI S J,268,M89 T4,02.04.2026 FN,02.06.2026 AN
2786,HSS F387,HISTORY OF TRANSPORT & MOBILITY IN MODERN ASIA,3 0 3,L1,EIRINI ANASTASIADOU,110,W56 Th8,06.04.2026 AN,09.06.2026 FN
1776,HSS F266,STUDY PROJECT,3,,MRUTUYANJAYA SAHU,,,,
2645,MAC F241,NUMERICAL ANALYSIS,3 0 3,L1,VRINDA MARY MATHEW,207,W12 Th56,30.03.2026 AN,01.06.2026 AN
2646,MAC F242,DATA STRUCTURES & ALGO,3 1 4,,SUYASH SHUKLA,,,01.04.2026 AN,05.06.2026 FN
,,,,L1,Neena Susan Shaji,257,T12 F12,,
,,,,L2,Suyash Shukla,267,M12 W89,,
,,,,L3,Neena Susan Shaji,268,M56 W12,,
,,,,L4,Satya Jaswant Badri,269,M34 T12,,
,,,,L5,Ashish Gupta,270,T56 F12,,
,,,,L6,Vivek Bhasi,271,M12 F12,,
,,,,L7,Shalaka S Mahadik,276,T1 W5 Th34,,
,,Practical,,P1,Suyash Shukla,333,M56,,
,,,,P2,Neena Susan Shaji,333,T56,,
,,,,P3,Satya Jaswant Badri,333,T89,,
,,,,P4,Vivek Bhasi,333,W56,,
,,,,P5,Neena Susan Shaji,333,Th34,,
,,,,P6,Suyash Shukla,333,Th89,,
,,,,P7,Shalaka S Mahadik,333,F34,,
2647,MAC F243,NUMERICAL OPTIMIZATION,3 0 3,L1,S BASKARAN,207,M56 W34,31.03.2026 AN,04.06.2026 AN
2648,MAC F244,STOCHASTIC CALCULUS AND APPLICATION TO FINANCE,3 0 3,L1,MANEESHA,207,M34 T56,07.04.2026 AN,09.06.2026 AN
2649,MAC F245,SCIENTIFIC COMPUTING LABORATORY,0 1 1,,S BASKARAN,,,-,-
,,,,P1,"S Baskaran,Vrinda Mary Mathew",108,W78,,
2657,MAC F266,STUDY PROJECT,3,,K K SINGH,,,,
2887,MATH F101,MULTIVARIABLE CALCULUS,3 0 3,L1,K KUMAR,101,M78 F34,30.03.2026 FN,01.06.2026 FN
,,,,L2,M Nurul Molla,105,M78 Th12,,
,,,,L3,S Baskaran,165,Th12 F34,,
,,,,L4,K Kumar,184,T34 Th34,,
,,,,L5,Sethukkarasi,186,M12 T12,,
,,,,L6,S Baskaran,189,T12 Th78,,
,,,,L7,M Nurul Molla,190,M34 T78,,
2888,MATH F102,LINEAR ALGEBRA AND COMPLEX VARIABLES,3 0 3,,SUHEL AHMAD KHAN,,,01.04.2026 FN,04.06.2026 FN
,,,,L1,Prasanta K Barik,123,T34 Th78,,
,,,,L2,Shanookha Ali,205,M78 Th12,,
,,,,L3,Suhel Ahmad Khan,210,M78 T34,,
,,,,L4,Sethukkarasi,214,M78 Th34,,
,,,,L5,Prasanta K Barik,215,M78 Th34,,
,,,,L6,Sankar Raman,220,M34 T34,,
1010,MATH F111,MATHEMATICS I,3 0 3,L1,K KUMAR,101,M78 F34,30.03.2026 FN,01.06.2026 FN
,,,,L2,M Nurul Molla,105,M78 Th12,,
,,,,L3,S Baskaran,165,Th12 F34,,
,,,,L4,K Kumar,184,T34 Th34,,
,,,,L5,Sethukkarasi,186,M12 T12,,
,,,,L6,S Baskaran,189,T12 Th78,,
,,,,L7,M Nurul Molla,190,M34 T78,,
1011,MATH F112,MATHEMATICS II,3 0 3,,SUHEL AHMAD KHAN,,,01.04.2026 FN,04.06.2026 FN
,,,,L1,Prasanta K Barik,123,T34 Th78,,
,,,,L2,Shanookha Ali,205,M78 Th12,,
,,,,L3,Suhel Ahmad Khan,210,M78 T34,,
,,,,L4,Sethukkarasi,214,M78 Th34,,
,,,,L5,Prasanta K Barik,215,M78 Th34,,
,,,,L6,Sankar Raman,220,M34 T34,,
,,,,L7,Suhel Ahmad Khan,221,M34 T78,,
1012,MATH F113,PROBABILITY & STATISTICS,3 0 3,,MANEESHA,,,31.03.2026 FN,02.06.2026 FN
,,,,L1,Maneesha,123,T12 F12,,
,,,,L2,Gayathri G,205,T12 W78,,
,,,,L3,Shanookha Ali,210,M34 T78,,
,,,,L4,Suhel Ahmad Khan,214,W34 F12,,
,,,,L5,Gayathri G,215,T78 W34,,
,,,,L6,Shanookha Ali,220,W34 Th78,,
,,,,L7,Maneesha,221,W34 Th78,,
1022,MATH F211,MATHEMATICS III,3 0 3,,PRASANTA K BARIK,,,07.04.2026 FN,03.06.2026 FN
,,,,L1,Vrinda Mary Mathew,257,M12 Th89,,
,,,,L2,A Somasundaram,267,W34 Th34,,
,,,,L3,M Nurul Molla,268,T12 Th89,,
,,,,L4,A Somasundaram,269,T56 W89,,
,,,,L5,Sankar Raman,270,W9 Th34 F4,,
,,,,L6,Prasanta K Barik,271,M34 W12,,
,,,,L7,Sankar Raman,245,W12 F12,,
2379,ME F112,WORKSHOP PRACTICE ,1 1 2,,GULSHAN KUMAR,,,,
,,,,L1,Chakradhar Iyyunni,123,W1,,
,,,,L2,Gulshan Kumar,205,W2,,
,,,,L3,Chakradhar Iyyunni,210,M1,,
,,,,L4,Chakradhar Iyyunni,214,Th8,,
,,,,L5,Chakradhar Iyyunni,215,F3,,
,,,,L6,Gulshan Kumar,220,T2,,
,,,,L7,Gulshan Kumar,221,M2,,
,,Practical,,P1,Ravindra G Bhardwaj,MG1,M12,,
,,,,P2,Chakradhar Iyyunni,MG1,M34,,
,,,,P3,Ravindra G Bhardwaj,MG1,M78,,
,,,,P4,Priyank Upadhyaya,MG1,T12,,
,,,,P5,Chakradhar Iyyunni,MG1,T34,,
,,,,P6,Priyank Upadhyaya,MG1,T78,,
,,,,P7,TBA,MG1,W12,,
,,,,P8,Harpreet Singh Bedi,MG1,W34,,
,,,,P9,Chakradhar Iyyunni,MG1,W78,,
,,,,P10,Chakradhar Iyyunni,MG1,Th12,,
,,,,P11,Chakradhar Iyyunni,MG1,Th34,,
,,,,P12,Gulshan Kumar,MG1,Th78,,
,,,,P13,Chakradhar Iyyunni,MG1,F12,,
,,,,P14,Sonu Thomas,MG1,F34,,
2397,ME F218,ADVANCED MECHANICS OF SOLIDS,2 0 2,L1,PRIYANK UPADHYAYA,277,W8 F34,30.03.2026 AN,01.06.2026 AN
2398,ME F219,MANUFACTURING PROCESSES,3 1 4,L1,GULSHAN KUMAR,277,T56 Th34,31.03.2026 AN,04.06.2026 AN
,,Practical,,P1,Gulshan Kumar,MG1,W56,,
2430,ME F220,HEAT TRANSFER,3 1 4,L1,MAJID H KHAN,277,M12 Th89,07.04.2026 AN,09.06.2026 AN
,,Practical,,P1,Majid H Khan,MS4,M56,,
,,,,P2,Snehaunshu Chowdhury,MS4,W56,,
2399,ME F221,MECHANISMS AND MACHINES,3 0 3,L1,RAM KARTHIKEYAN,277,M34 W12,02.04.2026 AN,06.06.2026 AN
2406,ME F318,COMPUTER AIDED DESIGN,1 2 3,L1,RAVINDRA G BHARDWAJ,262,T34,30.03.2026 AN,01.06.2026 AN
,,Practical,,P1,Ravindra G Bhardwaj,MS6,Th56 F34,,
2407,ME F319,VIBRATIONS AND CONTROL,3 0 3,L1,HARPREET SINGH,262,M12 F12,31.03.2026 AN,05.06.2026 FN
2408,ME F320,ENGINEERING OPTIMIZATION,3 0 3,L1,VINCENT SHANTHA KUMAR,262,M89 T9 Th9,01.04.2026 AN,03.06.2026 AN
1270,ME F341,PRIMEMOVERS & FLUID MACH,2 1 3,L1,SHASHANK KHURANA,262,M34 W1,02.04.2026 AN,08.06.2026 AN
,,Practical,,P1,Shashank Khurana,MG1,T56,,
1663,ME F266,STUDY PROJECT,3,,VINCENT SHANTHA KUMAR,,,,
1680,ME F366,LABORATORY PROJECT,3,,VINCENT SHANTHA KUMAR,,,,
1748,ME F367,LABORATORY PROJECT,3,,VINCENT SHANTHA KUMAR,,,,
1697,ME F376,DESIGN PROJECT,3,,VINCENT SHANTHA KUMAR,,,,
1764,ME F377,DESIGN PROJECT,3,,VINCENT SHANTHA KUMAR,,,,
1290,ME F491,SPECIAL PROJECTS,3,,VINCENT SHANTHA KUMAR,,,,
1024,MGTS F211,PRINCIPLES OF MANAGEMENT,3 0 3,L1,DARSHITA GUNWANT,277,T12 Th6,30.03.2026 FN,03.06.2026 AN
,,,,L2,Darshita Gunwant,276,T8 Th89,,
2544,MGTS F311,MARKETING,3 0 3,L1,REHAN HUSAIN,185,M56 W56,02.04.2026 AN,06.06.2026 AN
2546,MGTS F314,ESSENTIALS OF FINANCIAL MANAGEMENT,3 0 3,L1,AMAN SRIVASTAVA,185,T56 Th89,30.03.2026 AN,01.06.2026 AN
1087,PHA F214,ANATOMY PHYSIOLOGY & HYGIENE,2 1 3,L1,SHRIKANT CHARDE,310,W89,07.04.2026 AN,06.06.2026 FN
,,Practical,,P1,Arunkumar Palaniappan,305,M89,,
2891,PHY F101,OSCILLATIONS & WAVE,2 1 3,L1,SHISHIR KUMAR PANDEY,123,W78 F4,02.04.2026 FN,08.06.2026 FN
,,,,L2,Shishir Kumar Pandey,205,T78 F2,,
,,,,L3,Krishnakanta Bhattacharya,210,M2 W12,,
,,,,L4,K K Singh,214,Th7 F34,,
,,,,L5,Swati Routh,215,M12 F4,,
,,,,L6,Krishnakanta Bhattacharya,220,W5 Th34,,
,,,,L7,K K Singh,221,T2 Th34,,
,,Practical,,P1,Shishir Kumar Pandey,309,M12,,
,,,,P2,Kalpana Devi P,309,M34,,
,,,,P3,Kalpana Devi P,309,M78,,
,,,,P4,Kalpana Devi P,309,T12,,
,,,,P5,Krishnakanta Bhattacharya,309,T34,,
,,,,P6,Kalpana Devi P,309,T78,,
,,,,P7,Kalpana Devi P,309,W12,,
,,,,P8,Shishir Kumar Pandey,309,W34,,
,,,,P9,Kalpana Devi P,309,W78,,
,,,,P10,Kalpana Devi P,309,Th12,,
,,,,P11,Swati Routh,309,Th34,,
,,,,P12,Kalpana Devi P,309,Th78,,
,,,,P13,Swati Routh,309,F12,,
,,,,P14,Krishnakanta Bhattacharya,309,F34,,
1014,PHY F110,PHYSICS LABORATORY,0 2 1 ,,SHISHIR KUMAR PANDEY,,,,
,,,,P1,Shishir Kumar Pandey,309,M12,,
,,,,P2,Kalpana Devi P,309,M34,,
,,,,P3,Kalpana Devi P,309,M78,,
,,,,P4,Kalpana Devi P,309,T12,,
,,,,P5,Krishnakanta Bhattacharya,309,T34,,
,,,,P6,Kalpana Devi P,309,T78,,
,,,,P7,Kalpana Devi P,309,W12,,
,,,,P8,Shishir Kumar Pandey,309,W34,,
,,,,P9,Kalpana Devi P,309,W78,,
,,,,P10,Kalpana Devi P,309,Th12,,
,,,,P11,Swati Routh,309,Th34,,
,,,,P12,Kalpana Devi P,309,Th78,,
,,,,P13,Swati Routh,309,F12,,
,,,,P14,Krishnakanta Bhattacharya,309,F34,,
1015,PHY F111,MECH OSCILLATIONS & WAVE,3 0 3,L1,SWATI ROUTH,277,M56 T89,31.03.2026 FN,06.06.2026 AN
1666,PHY F266,STUDY PROJECT,3,,K K SINGH,,,,
