Course ID,Title,Short title
AN F311,Principles of Aerodynamics,Aerodynamics
AN F312,Aircraft Propulsion,Aircraft Prop
AN F313,Flight Mechanics & Control,Flight Mech
BBA F121,Business Ethic & Corp Soc Resp,Business Ethic
BIO F110,Biology Laboratory,Bio Lab
BIO F111,General Biology,Biology
BIOT F211,Biological Chemistry,Biochem
BIOT F212,Microbiology,Micro Bio
BIOT F213,Cell Biology,Cell Bio
BIOT F215,Biophysics,Biophy
BIOT F241,Genetic Engineering Tech,Genetic Engg Tech
BIOT F242,Intro to Bioinformatics,Bioinfo
BIOT F243,Genetics,
BIOT F244,Instru Methods of Analysis,
BIOT F245,Intro to Environ Biotech,Environ Biotech
BIOT F266,Study Project,Study Proj
BIOT F311,Recombinant DNA Tech,Recomb DNA
BIOT F314,Ind Microbio & Biopro Engg,
BIOT F342,Immunology,
BIOT F343,Experiments in Biotech,Expt in Biotech
BIOT F344,Downstream Processing,DP
BIOT F345,Proteomics,
BIOT F347,Immunotechnology,Immunotech
BIOT F366,Laboratory Project,Lab Proj
BIOT F367,Laboratory Project,Lab Proj
BIOT F376,Design Project,Design Proj
BIOT F377,Design Project,Design Proj
BIOT F416,Intro to Pharma Biotech,Pharma Biotech
BIOT F417,Biomolecular Modeling,
BIOT F422,Nanobiotechnology,Nanobiotech
BIOT F423,Drug Design and Delivery,Drug Design
BIOT F424,Food Biotechnology,Food Biotech
BIOT F491,Special Project,Spl Proj
BITS C791T,Teaching Practice I,TP I
BITS C797T,PhD Seminar,
BITS C799T,PhD Thesis,
BITS E661,Research Methodology I,
BITS F110,Engineering Graphics,EG
BITS F111,Thermodynamics,Thermo
BITS F112,Technical Report Writing,TRW
BITS F115,Intro to Basic Sciences,IBS
BITS F121,Introduction to Python,Intro to Python
BITS F122,Introduction to Spreadsheet Analysis,Intro to Spreadsheet
BITS F123,Introduction to Engineering,Intro to Engg
BITS F211,Inrtoduction to IPR,IPR
BITS F225,Environmental Studies,EvS
BITS F226,Soft Skills For Professionals,Soft Skills
BITS F312,Neural Net & Fuzzy Logic,NN & FL
BITS F319,Negotiation Skills And Techniques,Negotiation
BITS F327,AI in Robotics,
BITS F330,Managerial Skills,
BITS F412,Practice School II,PS II
BITS F416,Intro to Nanoscience,Nanosci
BITS F421T,Thesis,
BITS F422T,Thesis,
BITS F423T,Thesis,
BITS F441,Robotics,
BITS F441T,Seminar,
BITS F452,Blockchain Technology,Blockchain
BITS F462,Renewable Energy,
BITS F463,Cryptography,Crypto
BITS F464,Machine Learning,ML
BITS F467,Bioethics And Biosafety,Bioethics
BITS F468,New Venture Creation,NVC
BITS G540,Research Practice,
BITS G560,Practice School,
BITS G561T,Dissertation,
BITS G629T,Dissertation,
BITS G639,Practice School,
BITS G661,Research Methodology I,
CE F211,Mechanics of Solids,Mech of Solids
CE F213,Surveying,
CE F230,Civil Engineering Materials,Civil Engg Materials
CE F231,Fluid Mechanics,Fluid Mech
CE F241,Analysis of Structures,
CE F242,Construction Plan & Tech,CPT
CE F243,Soil Mechanics,Soil Mech
CE F244,Highway Engineering,Highway Engg
CE F266,Study Project,Study Proj
CE F312,Hydraulic Engineering,
CE F313,Foundation Engineering,
CE F320,Design of Reinforced Concrete Structure,Design of Reinforced CS
CE F321,Engineering Hydrology,EH
CE F342,Water & Wastewater Treat,WWT
CE F343,Design of Steel Structures,Design of Steel Struc
CE F366,Laboratory Project,Lab Proj
CE F367,Laboratory Project,Lab Proj
CE F376,Design Project,Design Proj
CE F377,Design Project,Design Proj
CE F415,Design of Prestressed Concrete Structures,Design of Prestressed CS
CE F417,App of AI in Civil Engg,AI in CEngg
CE F423,Green Build & Ener Conse,GBEC
CE F425,Airport Rail & Waterways,
CE F431,Princi of Geo Info Sys,PGIS
CE F434,Env Impact Assessment,EIA
CE F491,Special Project,Spl Proj
CHE F211,Chemical Process Calcula,Chem Calc
CHE F212,Fluid Mechanics,Fluid Mech
CHE F213,Chem Engg Thermodynamics,Chem Engg Thermo
CHE F214,Engineering Chemistry,Engg Chem
CHE F241,Heat Transfer,HT
CHE F242,Num Method for Chem Engg,
CHE F243,Material Science & Engg,Materials Sci & Engg
CHE F244,Separation Processes I,SP I
CHE F266,Study Project,Study Proj
CHE F311,Kinetics & Reactor Desig,KRD
CHE F312,Chemical Engg Lab I,Chem Engg Lab I
CHE F313,Separation Processes II,SP II
CHE F314,Process Des Principles I,PDP I
CHE F316,Sust Energy Systems,SES
CHE F341,Chemical Engg Lab II,Chem Engg Lab II
CHE F342,Process Dyn & Control,
CHE F343,Process Des Principle II,PDP II
CHE F366,Laboratory Project,Lab Proj
CHE F367,Laboratory Project,Lab Proj
CHE F376,Design Project,Design Proj
CHE F377,Design Project,Design Proj
CHE F411,Envir Pollution Control,EPC
CHE F413,Process Plant Safety,PPS
CHE F414,Transport Phenomena,TP
CHE F416,Process Plant Des Pro I,
CHE F421,Biochemical Engineering,Biochem Engg
CHE F491,Special Project,Spl Proj
CHEM F110,Chemistry Laboratory,Chem Lab
CHEM F111,General Chemistry,Chemistry
CHEM F266,Study Project,Study Proj
CHEM F366,Laboratory Project,Lab Proj
CHEM F367,Laboratory Project,Lab Proj
CHEM F376,Design Project,Design Proj
CHEM F377,Design Project,Design Proj
CHEM F491,Special Project,Spl Proj
CS F111,Computer Programming,CP
CS F211,Data Structures & Algo,DSA
CS F212,Database Systems,DBMS
CS F213,Object Oriented Prog,OOP
CS F214,Logic in Computer Sc,Logic
CS F215,Digital Design,DD
CS F222,Discr Struc For Comp Sci,DS
CS F241,Microproc & Interfacing,MPI
CS F266,Study Project,Study Proj
CS F301,Principles of Progg Lang,PoPL
CS F303,Computer Networks,Comp Networks
CS F316,Quantum Architecture and Programming,QAP
CS F320,Foundation of Data Science,FDS
CS F342,Computer Architecture,CA
CS F351,Theory of Computation,ToC
CS F363,Compiler Construction,CC
CS F364,Design & Anal of Algo,DAA
CS F366,Laboratory Project,Lab Proj
CS F367,Laboratory Project,Lab Proj
CS F372,Operating Systems,OS
CS F376,Design Project,Design Proj
CS F377,Design Project,Design Proj
CS F401,Multimedia Computing,Multimedia
CS F407,Artificial Intelligence,AI
CS F415,Data Mining,DM
CS F425,Deep Learning,DL
CS F429,Natural Language Processing,NLP
CS F491,Special Project,Spl Proj
CS G514,Obj Ori Analys & Design,OOAD
CS G527,Cloud Computing,Cloud Comp
DE G514,Fracture Mechanics,Fracture Mech
DE G531,Product Design,
ECE F211,Electrical Machines,Elec Mach
ECE F212,Electromagnetic Theo,EM Theory
ECE F214,Electronic Devices,ED
ECE F215,Digital Design,DD
ECE F241,Microproc & Interfacing,MPI
ECE F242,Control Systems,Control Sys
ECE F243,Signals & Systems,SS
ECE F244,Microelectronic Circuits,Microelec Circuits
ECE F266,Study Project,Study Proj
ECE F311,Communication Systems,Comm Sys
ECE F314,EM Fields & Micro Engg,EMF & Micro Engg
ECE F341,Analog Electronics,Analog Elec
ECE F343,Communication Networks,Comm Networks
ECE F344,Info Theory & Coding,ITC
ECE F366,Laboratory Project,Lab Proj
ECE F367,Laboratory Project,Lab Proj
ECE F376,Design Project,Design Proj
ECE F377,Design Project,Design Proj
ECE F432,Medical Instrumentation,Medical Instr
ECE F434,Digital Signal Process,DSP
ECE F472,Satellite Communication,Satellite Comms
ECE F491,Special Project,Spl Proj
ECOM F211,Data Structures & Algo,DSA
ECOM F213,Object Oriented Prog,OOP
ECOM F214,Electronic Devices,ED
ECOM F215,Digital Design,DD
ECOM F222,Discr Struc For Comp Sci,DS
ECOM F241,Microproc & Interfacing,MPI
ECOM F242,Control Systems,Control Sys
ECOM F243,Signals & Systems,SS
ECOM F244,Microelectronic Circuits,Microelec Circuits
ECOM F266,Study Project,Study Proj
ECON F211,Principles of Economics,PoE
ECON F212,Fund of Fin And Acc,FFA
ECON F242,Microeconomics,Microecon
ECON F312,Money Bank & Fin Markets,MBFM
ECON F412,Security Analysis and Portfolio Mgmt,SAPM
EEE F111,Electrical Sciences,ES
EEE F211,Electrical Machines,Elec Mach
EEE F212,Electromagnetic Theo,EM Theory
EEE F214,Electronic Devices,ED
EEE F215,Digital Design,DD
EEE F241,Microproc & Interfacing,MPI
EEE F242,Control Systems,Control Sys
EEE F243,Signals & Systems,SS
EEE F244,Microelectronic Circuits,Microelec Circuits
EEE F266,Study Project,Study Proj
EEE F311,Communication Systems,Comm Sys
EEE F312,Power Systems,
EEE F313,Analog & Digit VLSI Des,
EEE F341,Analog Electronics,Analog Elec
EEE F342,Power Electronics,
EEE F366,Laboratory Project,Lab Proj
EEE F367,Laboratory Project,Lab Proj
EEE F376,Design Project,Design Proj
EEE F377,Design Project,Design Proj
EEE F411,Internet of Things,IoT
EEE F417,Computer Based Control System,Comp based Control Sys
EEE F432,Medical Instrumentation,Medical Instr
EEE F472,Satellite Communication,Satellite Comms
EEE F491,Special Project,Spl Proj
EEE G544,Steadystate & Dyn of Em,SSDE
EEE G545,Control & Instru for Sys,Control & Instr
EEE G552,Solid State Drives,SSD
FIN F212,Funda of Fin and Account,FFA
FIN F311,Derivatives & Risk Mgmt,DRM
FIN F313,Security Analysis and Portfolio Mgmt,SAPM
FIN F315,Financial Management,Fin Mgmt
GS F211,Modern Political Concepts,Mod Pol
GS F212,Environ Dev & Climate Ch,EDCC
GS F232,Introductory Psychology,Psych
GS F266,Study Project,Study Proj
GS F332,Contemporary India,CI
GS F376,Design Project,Design Proj
GS F377,Design Project,Design Proj
HSS F211,Introduction to Arabic,Arabic
HSS F222,Linguistics,Lingu
HSS F232,Intro to Dev Studies,IDS
HSS F252,International Law,IL
HSS F266,Study Project,Study Proj
HSS F346,International Relations,IR
HSS F349,Ecocriticism,Ecocrit
HSS F350,"Human Rights: History, Theory and Practice",HR
HSS F354,Intro to Islamic Economy,Islamic Eco
HSS F365,Science of Sustainable Happiness,Happiness
IS F341,Software Engineering,Software Engg
MATH D021,Remedial Mathematics,Rem Math
MATH F111,Mathematics I,Math I
MATH F112,Mathematics II,Math II
MATH F113,Probability & Statistics,P&S
MATH F114,Math for Business,
MATH F211,Mathematics III,Math III
MATH F212,Optimization,
MATH F266,Study Project,Study Proj
MATH F313,Numerical Analysis,NA
MATH F366,Laboratory Project,Lab Proj
MATH F367,Laboratory Project,Lab Proj
MATH F376,Design Project,Design Proj
MATH F377,Design Project,Design Proj
MATH F432,Applied Statistical Methods,ASM
MATH F491,Special Project,Spl Proj
MBA G537,Security Analysis and Portfolio Mgmt,SAPM
MBA G546,Business Statistics,Business Stats
MBA G548,Strategic Marketing,
MBA G549,Introduction to Systems and Sustainability,Intro to Sys & Sus
MBA G557,Eco Env of Business,
MBA G558,Operations and Supply Chain Mgt,OSCM
MBA G559,Corporate Finance,CF
ME F112,Workshop Practice,Workshop
ME F211,Mechanics of Solids,Mech of Solids
ME F212,Fluid Mechanics,Fluid Mech
ME F216,Materials Science & Engineering,Materials Sci & Engg
ME F217,Applied Thermodynamics,Appl Thermo
ME F218,Advanced Mechanics of Solids,Adv Mech of Solids
ME F219,Manufacturing Processes,Manuf Proc
ME F220,Heat Transfer,HT
ME F221,Mechanisms and Machines,
ME F266,Study Project,Study Proj
ME F314,Design of Machine Elements,Design of Machine Elem
ME F315,Advanced Manufacturing Processes,Adv Manuf Proc
ME F316,Manufacturing Management,Manuf Mgmt
ME F317,"Engines, Motors and Mobility",EMM
ME F318,Computer Aided Design,CAD
ME F319,Vibrations and Control,VC
ME F320,Engineering Optimization,Engg Optimization
ME F341,Primemovers & Fluid Mach,
ME F366,Laboratory Project,Lab Proj
ME F367,Laboratory Project,Lab Proj
ME F376,Design Project,Design Proj
ME F377,Design Project,Design Proj
ME F426,Industry 4.0,
ME F443,Quali Contro Assur & Rel,
ME F452,Composite Material & Des,CMD
ME F461,Refrigeration & Aircond,
ME F491,Special Project,Spl Proj
ME G512,Finite Element Method,FFE
ME G532,Machine Tool Engineering,Machine Tool Engg
MF F219,Operations Management,OM
MF F418,Lean Manufacturing,LM
MGTS F211,Principles of Management,PoM
MGTS F311,Marketing,
MPBA G505,Statistics & Basic Econometrics,SBE
MPBA G507,Programming for Analytics,Progg for Anal
MPBA G508,Strategic Management,
MPBA G511,"Data Visual, Ethic & Data Priv",DVEDP
MPBA G512,Time Series Analysis and Forecas,Time Series
MPBA G513,Predictive Analytics,
MPBA G514,Deep Learning for Business,DL for Business
MPBA G515,Prescript Analy with Math Prog,PSMP
MPBA G516,Adv Spread & Mac Prog for Busi,ASMP
MPBA G519,Natural Lang Proces for Busi,NLP for Business
MPBA G529,Marketing Research & Metrics,
MPBA G531,Financial Derivatives and Analy,FDA
MPBA G534,People Analytics,
PHY F110,Physics Laboratory,Phy Lab
PHY F111,Mech Oscillations & Wave,MOW
PHY F215,Intro to Astro & Astroph,Astro
PHY F266,Study Project,Study Proj
PHY F366,Laboratory Project,Lab Proj
PHY F367,Laboratory Project,Lab Proj
PHY F376,Design Project,Design Proj
PHY F377,Design Project,Design Proj
PHY F491,Special Project,Spl Proj
SS G515,Data Warehousing,DW
